buoy,day,latitude,longitude,zone_wind,meridian_wind,humidity,air_temperature,sea_temperature,group
1,1,8.96,-140.32,-6.3,-6.4,83.5,27.32,27.57,140W
1,2,8.95,-140.32,-5.7,-3.6,86.4,26.70,27.62,140W
1,3,8.96,-140.32,-6.2,-5.8,83.0,27.36,27.68,140W
1,4,8.96,-140.34,-6.4,-5.3,82.2,27.32,27.70,140W
1,5,8.96,-140.33,-4.9,-6.2,87.3,27.09,27.85,140W
1,6,8.96,-140.33,-6.3,-4.9,91.5,26.82,27.98,140W
1,7,8.97,-140.32,-6.7,-3.7,94.1,26.62,28.04,140W
1,8,8.96,-140.33,-6.3,-4.8,92.0,26.89,27.98,140W
1,9,8.97,-140.33,-6.3,-4.9,86.9,27.44,28.13,140W
1,10,8.97,-140.32,-4.2,-2.5,87.3,26.62,28.14,140W
1,11,8.96,-140.32,-6.8,-2.4,86.0,27.60,28.09,140W
1,12,8.96,-140.33,-7.1,-3.2,82.2,27.87,28.15,140W
1,13,8.96,-140.33,-6.7,-4.7,81.3,27.75,28.19,140W
2,1,4.93,-139.87,-2.9,-1.2,87.6,26.84,28.35,140W
2,2,4.92,-139.86,0.4,-1.6,82.3,27.30,28.48,140W
2,3,4.92,-139.87,-4.0,-4.6,83.0,28.00,28.61,140W
2,4,4.92,-139.88,-6.3,-3.2,87.6,27.61,28.55,140W
2,5,4.93,-139.87,-4.1,3.3,84.6,27.69,28.35,140W
2,6,4.93,-139.87,-5.4,1.9,81.9,27.96,28.48,140W
2,7,4.93,-139.86,-4.7,0.9,80.3,28.08,28.54,140W
2,8,4.92,-139.87,-2.5,-0.9,84.2,27.61,28.72,140W
2,9,4.93,-139.87,-5.1,2.0,84.6,27.42,28.66,140W
2,10,4.93,-139.86,-1.3,0.7,80.0,27.65,28.73,140W
2,11,4.93,-139.85,-5.4,-1.2,83.4,27.89,28.84,140W
2,12,4.93,-139.86,-6.2,-4.0,82.7,27.77,28.63,140W
2,13,4.93,-139.87,-4.8,2.6,82.3,27.42,28.48,140W
3,1,2.0,-139.95,-0.3,3.2,86.8,27.10,27.85,140W
3,2,2.0,-139.96,-1.6,1.1,83.6,27.42,28.06,140W
3,3,1.99,-139.97,-3.9,-2.5,87.5,27.30,28.01,140W
3,4,1.98,-139.96,-4.7,1.4,88.3,26.98,27.95,140W
3,5,1.99,-139.97,-5.3,2.5,82.5,27.14,27.99,140W
3,6,2.0,-139.97,-6.8,0.5,82.8,27.46,27.89,140W
3,7,2.0,-139.97,-5.6,0.5,84.0,27.02,27.49,140W
3,8,2.0,-139.96,-3.4,2.0,87.2,26.55,27.27,140W
3,9,2.0,-139.97,-4.5,2.3,82.1,25.59,26.97,140W
3,10,2.0,-139.96,-4.1,0.4,79.3,25.47,27.07,140W
3,11,1.99,-139.97,-5.8,0.7,83.2,26.27,27.37,140W
3,12,2.0,-139.97,-7.2,2.8,83.2,26.23,27.26,140W
3,13,2.0,-139.98,-5.8,0.5,78.1,25.79,27.10,140W
3,14,2.0,-139.99,-5.4,-0.4,77.8,25.91,26.85,140W
4,1,-0.01,-139.94,0.7,0.3,93.1,26.54,26.42,140W
4,2,-0.02,-139.93,-1.5,-0.4,92.3,26.51,26.49,140W
4,3,-0.01,-139.94,-3.4,-1.4,92.3,26.53,26.42,140W
4,4,-0.02,-139.94,-4.3,1.3,92.3,26.18,26.02,140W
4,5,-0.02,-139.94,-3.7,0.4,92.3,25.79,25.77,140W
4,6,-0.01,-139.94,-5.1,-2.5,92.3,26.03,25.70,140W
4,7,-0.02,-139.94,-5.4,-2.1,88.1,25.50,25.15,140W
4,8,-0.02,-139.94,-3.6,-0.6,90.4,25.04,24.82,140W
4,9,-0.02,-139.94,-3.3,0.3,88.8,24.63,24.51,140W
4,10,-0.02,-139.93,-3.0,-2.7,87.3,24.51,24.36,140W
4,11,-0.02,-139.93,-4.7,-1.0,90.4,24.19,24.15,140W
4,12,-0.02,-139.93,-5.2,0.2,87.3,24.02,24.10,140W
4,13,-0.01,-139.94,-4.7,-1.0,88.4,24.21,24.15,140W
5,1,-2.02,-139.96,1.7,1.2,87.3,27.36,28.71,140W
5,2,-2.0,-139.96,-1.1,-1.9,86.9,27.28,28.43,140W
5,3,-2.01,-139.97,-3.7,-2.7,84.8,27.43,28.47,140W
5,4,-2.01,-139.97,-4.4,-3.0,81.9,27.75,28.83,140W
5,5,-2.02,-139.97,-3.9,-1.4,83.6,27.91,28.92,140W
5,6,-2.02,-139.96,-5.8,-3.4,88.9,27.75,28.71,140W
5,7,-2.03,-139.97,-4.5,-5.2,87.7,27.08,28.27,140W
5,8,-2.02,-139.97,-3.6,-4.5,83.1,26.60,27.70,140W
5,9,-2.02,-139.96,-2.6,-2.3,84.4,26.41,27.27,140W
5,10,-2.02,-139.96,-1.2,-5.1,88.5,25.93,27.00,140W
5,11,-2.01,-139.96,-4.0,-4.3,84.4,25.54,26.77,140W
5,12,-2.01,-139.96,-4.0,-3.1,84.8,25.69,26.87,140W
5,13,-2.02,-139.96,-2.8,-4.5,89.3,25.61,26.86,140W
5,14,-2.02,-139.97,.,.,.,25.26,26.55,140W
6,1,-5.01,-139.92,-0.6,3.5,83.8,28.02,28.94,140W
6,2,-5.01,-139.91,0.2,-2.5,85.4,27.13,28.85,140W
6,3,-5.01,-139.92,-3.9,-3.4,79.8,28.38,29.03,140W
6,4,-5.01,-139.92,-4.2,-2.5,79.4,28.18,28.98,140W
6,5,-5.01,-139.92,-3.0,0.3,82.6,27.87,29.04,140W
6,6,-5.01,-139.92,-7.9,1.1,78.6,28.45,29.08,140W
6,7,-5.01,-139.92,-5.5,0.5,76.1,28.53,29.15,140W
6,8,-5.01,-139.92,-3.1,-1.7,85.8,27.16,29.05,140W
6,9,-5.01,-139.91,-3.5,-0.8,84.2,27.48,28.99,140W
6,10,-5.01,-139.92,-3.3,-0.7,81.8,27.91,29.05,140W
6,11,-5.0,-139.91,-2.8,-4.9,79.8,28.02,29.00,140W
6,12,-5.01,-139.92,-4.0,-1.5,82.2,27.59,28.95,140W
6,13,-5.01,-139.92,-7.8,1.0,76.1,28.34,28.88,140W
6,14,-5.01,-139.92,.,.,.,27.44,28.85,140W
7,1,5.15,-124.87,-4.8,2.5,90.9,27.85,28.71,125W
7,2,5.14,-124.86,-2.2,4.0,86.6,28.33,28.64,125W
7,3,5.14,-124.87,-1.6,0.5,88.5,27.37,28.66,125W
7,4,5.15,-124.87,-3.0,1.8,89.3,27.53,28.68,125W
7,5,5.14,-124.87,-4.6,3.3,83.1,27.81,28.61,125W
7,6,5.14,-124.87,-4.9,1.6,84.6,28.01,28.62,125W
7,7,5.14,-124.87,-4.6,2.4,88.5,27.45,28.77,125W
7,8,5.15,-124.87,-2.2,5.1,86.2,27.25,28.81,125W
7,9,5.14,-124.87,-1.8,3.8,83.1,27.53,28.79,125W
7,10,5.14,-124.87,-3.8,3.4,81.1,27.29,28.75,125W
7,11,5.14,-124.87,-4.2,2.4,80.3,27.53,28.70,125W
7,12,5.14,-124.87,-3.4,2.1,80.3,27.37,28.83,125W
7,13,5.14,-124.87,-3.4,3.1,81.1,27.29,28.93,125W
8,1,1.95,-125.07,-7.1,1.1,79.5,27.14,27.90,125W
8,2,1.96,-125.07,-3.4,1.6,79.1,26.94,27.12,125W
8,3,1.94,-125.07,-3.5,0.8,84.9,26.62,27.03,125W
8,4,1.95,-125.07,-5.8,1.5,84.9,25.89,26.18,125W
8,5,1.96,-125.07,-4.9,2.2,84.1,25.29,25.82,125W
8,6,1.95,-125.07,-5.9,0.7,81.6,25.21,25.56,125W
8,7,1.94,-125.07,-6.0,1.4,81.2,24.85,25.55,125W
8,8,1.95,-125.07,-4.7,2.0,82.4,24.45,25.34,125W
8,9,1.95,-125.07,-4.7,2.0,82.8,24.41,25.05,125W
8,10,1.96,-125.07,-4.7,1.2,81.2,24.49,24.91,125W
8,11,1.95,-125.07,-4.6,0.7,82.8,24.49,24.84,125W
8,12,1.94,-125.07,-4.7,1.2,80.3,24.08,24.92,125W
8,13,1.96,-125.07,-4.5,1.1,79.9,23.84,25.26,125W
9,1,-0.2,-124.37,-3.6,0.0,89.8,25.09,24.62,125W
9,2,-0.21,-124.37,-0.3,-0.6,89.4,25.39,24.82,125W
9,3,-0.22,-124.36,-1.0,-0.9,89.4,25.75,25.59,125W
9,4,-0.21,-124.39,-4.2,1.0,85.6,25.54,25.21,125W
9,5,-0.2,-124.39,-3.6,1.2,85.2,25.13,24.71,125W
9,6,-0.2,-124.39,-4.3,-0.1,84.4,24.70,24.10,125W
9,7,-0.2,-124.4,-3.8,0.0,85.6,24.03,23.72,125W
9,8,-0.19,-124.39,-3.1,-0.7,84.4,23.94,23.82,125W
9,9,-0.2,-124.39,-3.2,-0.3,84.4,23.87,23.70,125W
9,10,-0.2,-124.38,-2.6,-1.2,86.5,23.59,23.28,125W
9,11,-0.19,-124.38,-3.5,-0.6,84.8,23.28,22.79,125W
9,12,-0.19,-124.39,-3.1,0.7,84.4,22.72,22.44,125W
9,13,-0.19,-124.38,-3.6,0.0,84.8,22.74,22.56,125W
10,1,-2.03,-124.89,-5.3,-1.8,87.0,27.06,27.32,125W
10,2,-2.03,-124.89,-0.6,-2.4,89.9,26.51,27.18,125W
10,3,-2.04,-124.88,-0.3,-3.2,91.2,26.12,26.87,125W
10,4,-2.02,-124.89,-4.0,-1.0,89.5,26.43,26.82,125W
10,5,-2.03,-124.89,-4.6,-1.3,86.2,26.67,27.19,125W
10,6,-2.04,-124.9,-6.4,-2.8,82.5,26.71,27.13,125W
10,7,-2.04,-124.9,-5.9,-2.0,81.3,26.31,26.91,125W
10,8,-2.04,-124.9,-3.2,-2.7,85.4,25.92,26.70,125W
10,9,-2.04,-124.89,-4.4,-1.3,84.6,25.76,26.17,125W
10,10,-2.04,-124.89,-3.6,-2.2,87.0,25.57,25.98,125W
10,11,-2.04,-124.89,-3.0,-3.5,87.9,25.06,25.81,125W
10,12,-2.04,-124.89,-3.9,-1.8,83.3,25.06,25.41,125W
10,13,-2.03,-124.89,-2.7,-3.2,87.5,24.90,25.42,125W
11,1,-5.02,-124.94,-7.2,-0.9,87.1,28.09,28.19,125W
11,2,-5.01,-124.94,-6.0,0.1,85.6,28.36,28.23,125W
11,3,-5.02,-124.94,-6.7,-0.2,83.0,28.32,28.32,125W
11,4,-5.01,-124.94,-6.0,1.4,79.6,28.17,28.26,125W
11,5,-5.01,-124.94,-5.3,0.6,84.5,27.51,28.41,125W
11,6,-5.01,-124.94,-7.2,-2.8,82.2,28.05,28.46,125W
11,7,-5.02,-124.94,-5.5,-3.5,80.0,27.89,28.42,125W
11,8,-5.02,-124.95,-4.5,-2.2,83.4,27.82,28.25,125W
11,9,-5.02,-124.93,-2.5,-3.8,81.9,27.70,28.22,125W
11,10,-5.02,-124.94,-4.5,-3.7,80.7,27.97,28.17,125W
11,11,-5.02,-124.94,-2.8,-1.3,79.2,27.74,28.32,125W
11,12,-5.02,-124.93,-5.7,-2.0,85.2,27.00,28.21,125W
11,13,-5.01,-124.94,-7.6,1.4,75.5,27.82,28.05,125W
12,1,-7.97,-125.01,-8.0,0.7,79.6,28.29,.,125W
12,2,-7.97,-125.01,-6.1,1.0,79.6,28.25,.,125W
12,3,-7.97,-125.02,-6.2,1.8,76.6,28.05,.,125W
12,4,-7.97,-125.02,-5.1,1.0,71.5,27.81,.,125W
12,5,-7.97,-125.02,-6.2,0.4,76.2,27.97,.,125W
12,6,-7.97,-125.02,-7.9,0.9,78.3,27.85,.,125W
12,7,-7.97,-125.01,-6.6,0.8,83.5,27.18,.,125W
12,8,-7.95,-125.01,-6.3,1.0,75.8,28.05,.,125W
12,9,-7.96,-125.01,-6.2,1.6,82.6,27.38,.,125W
12,10,-7.97,-125.01,-8.5,-0.3,78.8,27.85,.,125W
12,11,-7.97,-125.01,-6.1,2.4,74.9,28.01,.,125W
12,12,-7.96,-125.02,-7.7,2.6,79.6,27.42,.,125W
12,13,-7.97,-125.02,-7.9,2.3,71.9,27.46,.,125W
13,1,8.05,-110.15,-3.9,-1.2,.,28.84,29.66,110W
13,2,8.05,-110.15,-0.4,4.2,.,27.88,29.61,110W
13,3,8.04,-110.15,4.8,2.5,.,28.63,29.60,110W
13,4,8.04,-110.16,2.3,-1.6,.,27.87,29.58,110W
13,5,8.04,-110.16,0.5,-2.4,.,29.27,29.91,110W
13,6,8.04,-110.15,0.6,-4.0,.,29.26,29.99,110W
13,7,8.04,-110.15,1.4,-5.1,.,28.92,29.89,110W
13,8,8.04,-110.15,1.2,-0.6,.,28.90,29.90,110W
13,9,8.04,-110.15,3.9,0.0,.,28.77,29.92,110W
13,10,8.05,-110.15,2.2,0.5,.,28.20,29.82,110W
13,11,8.04,-110.16,2.9,-2.5,.,29.35,30.08,110W
13,12,8.05,-110.16,1.9,1.4,.,28.34,30.04,110W
13,13,8.05,-110.15,4.3,4.2,.,27.92,29.87,110W
14,1,4.99,-109.96,-3.4,5.9,83.2,27.98,28.89,110W
14,2,4.98,-109.96,-3.1,5.3,79.5,28.02,28.84,110W
14,3,4.98,-109.96,1.4,5.8,81.6,27.70,28.75,110W
14,4,4.97,-109.96,3.1,3.5,80.7,27.51,28.60,110W
14,5,4.98,-109.96,-0.1,4.9,81.1,27.51,28.67,110W
14,6,4.97,-109.96,-0.5,4.7,80.7,27.55,28.74,110W
14,7,4.97,-109.96,-0.7,6.0,80.7,27.35,28.54,110W
14,8,4.97,-109.96,-1.3,6.3,80.3,27.11,28.00,110W
14,9,4.98,-109.96,-1.5,4.9,78.7,27.15,27.74,110W
14,10,4.98,-109.96,-2.3,4.2,79.9,27.19,27.60,110W
14,11,4.97,-109.96,-1.4,4.7,80.7,27.19,27.60,110W
14,12,4.98,-109.96,-0.3,6.1,81.1,26.91,27.63,110W
14,13,4.98,-109.96,-0.3,7.1,81.1,26.75,27.70,110W
15,1,2.08,-110.1,-6.1,3.5,86.9,26.35,26.89,110W
15,2,2.08,-110.1,-5.4,3.2,87.3,26.12,26.88,110W
15,3,2.08,-110.1,-1.2,3.7,89.8,25.53,26.30,110W
15,4,2.08,-110.1,0.4,2.6,88.2,25.45,26.09,110W
15,5,2.08,-110.11,-1.9,2.9,87.7,24.91,25.83,110W
15,6,2.07,-110.14,-3.6,2.7,89.0,24.91,25.84,110W
15,7,2.08,-110.11,-4.5,3.7,88.6,24.67,26.07,110W
15,8,2.08,-110.11,-5.2,4.0,86.5,24.75,26.16,110W
15,9,2.08,-110.1,-4.9,2.7,83.5,25.26,26.24,110W
15,10,2.08,-110.11,-4.1,1.5,84.8,25.18,26.18,110W
15,11,2.08,-110.1,-3.5,2.5,86.5,25.03,26.09,110W
15,12,2.08,-110.1,-2.8,4.1,86.0,24.17,25.47,110W
15,13,2.08,-110.1,-2.8,3.9,87.3,23.74,24.56,110W
16,1,-1.98,-110.01,-4.9,0.8,92.2,25.96,25.63,110W
16,2,-1.98,-110.0,-2.2,1.5,93.0,25.77,25.28,110W
16,3,-1.98,-110.0,-2.8,2.8,91.8,25.05,24.85,110W
16,4,-1.98,-110.01,-0.9,0.7,91.4,25.09,25.01,110W
16,5,-1.98,-110.01,-3.1,2.2,89.1,25.21,25.42,110W
16,6,-1.98,-110.01,-4.4,0.3,89.1,25.45,25.59,110W
16,7,-1.98,-110.01,-4.8,-0.1,87.5,25.45,25.66,110W
16,8,-1.98,-110.0,-4.5,0.7,88.3,25.45,25.34,110W
16,9,-1.98,-110.0,-3.3,-0.3,89.5,25.33,25.27,110W
16,10,-1.98,-110.0,-3.5,-0.7,90.6,25.09,25.08,110W
16,11,-1.98,-110.0,-2.9,-0.4,91.0,25.29,25.17,110W
16,12,-1.98,-110.0,-2.7,0.0,88.3,24.82,25.11,110W
16,13,-1.98,-110.0,-3.9,0.8,87.1,.,.,110W
17,1,-4.98,-109.98,-7.1,2.8,86.2,27.28,27.31,110W
17,2,-4.98,-109.99,-6.0,3.5,81.7,27.44,27.13,110W
17,3,-4.97,-109.99,-4.3,4.7,80.5,27.36,27.19,110W
17,4,-4.98,-109.99,-1.9,1.8,79.7,26.77,27.41,110W
17,5,-4.98,-109.99,-4.5,1.4,79.7,26.93,27.46,110W
17,6,-4.98,-109.98,-5.2,-0.9,82.1,26.62,27.19,110W
17,7,-4.98,-109.99,-5.0,-0.7,83.3,26.58,26.95,110W
17,8,-4.99,-109.99,-5.3,0.0,85.0,26.66,26.83,110W
17,9,-4.98,-109.99,-4.6,-1.0,85.0,26.66,26.79,110W
17,10,-4.98,-109.99,-5.4,-1.0,85.0,26.54,26.67,110W
17,11,-4.98,-109.99,-4.6,0.7,84.1,26.27,26.56,110W
17,12,-4.98,-109.99,-3.2,-1.2,88.2,25.88,26.64,110W
17,13,-4.98,-109.99,-5.2,1.9,84.6,26.62,26.64,110W
18,1,-8.05,-109.94,.,.,80.1,27.72,27.99,110W
18,2,-8.05,-109.92,.,.,78.4,27.56,28.02,110W
18,3,-8.05,-109.93,.,.,77.3,27.44,28.10,110W
18,4,-8.05,-109.93,.,.,79.8,27.08,28.15,110W
18,5,-8.05,-109.93,.,.,83.2,26.72,28.09,110W
18,6,-8.1,-109.94,.,.,85.3,26.64,27.99,110W
18,7,-8.05,-109.94,.,.,87.8,26.76,27.97,110W
18,8,-8.05,-109.93,.,.,84.3,27.40,27.97,110W
18,9,-8.05,-109.93,.,.,87.8,26.88,28.01,110W
18,10,-8.05,-109.93,.,.,80.8,27.56,27.99,110W
18,11,-8.05,-109.93,.,.,79.8,27.24,28.01,110W
18,12,-8.05,-109.93,.,.,80.8,27.04,28.01,110W
18,13,-8.05,-109.93,.,.,79.8,27.32,27.93,110W
19,1,8.06,-94.96,-2.3,2.4,86.4,29.14,.,95W
19,2,8.06,-94.95,1.7,-0.3,83.7,29.24,.,95W
19,3,8.05,-94.96,0.9,1.0,87.1,28.53,.,95W
19,4,8.05,-94.95,7.0,1.3,84.4,29.18,.,95W
19,5,8.05,-94.96,3.3,2.8,83.7,29.32,.,95W
19,6,8.06,-94.96,2.8,1.8,84.8,29.09,.,95W
19,7,8.06,-94.95,0.4,1.1,83.7,28.97,.,95W
19,8,8.06,-94.98,2.0,0.8,83.7,28.66,.,95W
19,9,8.06,-94.95,2.5,1.3,84.1,28.67,.,95W
19,10,8.05,-94.95,2.6,0.2,84.8,28.73,.,95W
19,11,8.05,-94.95,2.0,-1.2,79.8,29.32,.,95W
19,12,8.05,-94.95,2.8,-2.1,85.2,28.75,.,95W
19,13,8.06,-94.95,3.9,1.4,87.9,27.74,.,95W
20,1,5.02,-94.95,.,.,88.6,27.50,.,95W
20,2,5.02,-94.95,.,.,81.5,28.61,.,95W
20,3,5.02,-94.95,.,.,88.2,.,.,95W
20,4,5.03,-94.95,.,.,.,28.72,.,95W
20,5,5.03,-94.95,.,.,81.1,28.91,.,95W
20,6,5.02,-94.95,.,.,83.1,.,.,95W
20,7,5.02,-94.95,.,.,85.4,27.96,.,95W
20,8,5.02,-94.95,.,.,27.58,.,.,95W
20,9,5.02,-94.96,.,.,83.1,28.30,.,95W
20,10,5.02,-94.96,.,.,.,28.19,.,95W
20,11,5.03,-94.95,.,.,85.4,28.57,.,95W
20,12,5.03,-94.95,.,.,87.8,26.96,.,95W
20,13,5.03,-94.95,.,.,85.0,27.69,.,95W
21,1,1.99,-95.0,-3.2,6.8,81.8,28.12,29.29,95W
21,2,1.99,-95.0,-1.8,6.6,81.8,27.88,29.23,95W
21,3,1.99,-95.0,0.1,6.7,82.6,27.73,29.18,95W
21,4,1.99,-95.01,3.0,5.8,83.0,27.65,29.08,95W
21,5,1.97,-95.01,0.5,4.5,81.3,27.65,29.14,95W
21,6,1.98,-95.0,-1.4,5.6,81.8,27.77,29.30,95W
21,7,1.98,-95.0,-3.4,6.4,80.9,27.65,29.36,95W
21,8,2.0,-95.05,-3.3,4.0,.,.,29.30,95W
21,9,2.0,-95.03,1.0,5.2,.,.,28.97,95W
21,10,2.0,-95.04,0.5,5.5,.,.,.,95W
21,11,2.0,-95.04,.,.,.,.,27.99,95W
21,12,2.0,-95.04,-1.0,6.3,.,.,28.21,95W
21,13,2.0,-95.03,-1.4,6.3,.,.,28.27,95W
22,1,0.11,-94.99,-4.9,4.8,88.3,25.67,27.63,95W
22,2,0.12,-94.99,-4.0,4.2,91.2,25.15,27.14,95W
22,3,0.12,-94.98,-1.9,4.2,87.9,25.03,26.56,95W
22,4,0.1,-94.98,1.2,3.5,89.0,24.83,26.45,95W
22,5,0.1,-94.98,-2.8,3.0,89.4,24.51,26.71,95W
22,6,0.11,-94.98,.,.,.,24.35,27.12,95W
22,7,0.11,-95.2,-3.4,1.9,.,.,26.76,95W
22,8,0.09,-95.19,-6.5,0.2,.,.,27.01,95W
22,9,0.1,-95.21,-6.3,-1.1,.,.,.,95W
22,10,0.11,-95.2,-5.2,-0.7,.,.,25.57,95W
22,11,0.11,-95.2,-5.2,-0.2,.,.,25.07,95W
22,12,0.1,-95.19,-4.2,0.7,.,.,24.87,95W
22,13,0.13,-95.19,-3.4,0.6,.,.,24.21,95W
23,1,-1.97,-95.03,-3.4,2.2,90.8,25.83,25.50,95W
23,2,-1.97,-95.03,-3.6,2.2,89.6,25.99,25.70,95W
23,3,-1.97,-95.03,-1.7,0.7,88.4,25.71,25.61,95W
23,4,-1.98,-95.03,1.0,-0.2,89.6,25.24,25.42,95W
23,5,-1.97,-95.03,-2.9,0.2,88.8,25.00,25.54,95W
23,6,-1.97,-95.02,-3.6,1.0,90.8,.,.,95W
23,7,-1.97,-95.02,-3.6,1.2,93.2,24.68,24.64,95W
23,8,-1.96,-94.99,-3.5,0.1,92.0,24.92,24.99,95W
23,9,-1.96,-94.99,-4.5,0.5,89.2,25.04,24.89,95W
23,10,-1.97,-95.0,-3.8,1.0,90.0,25.16,25.16,95W
23,11,-1.97,-95.02,-2.9,2.5,88.0,25.36,25.51,95W
23,12,-1.98,-95.03,-3.0,2.3,90.4,25.40,25.51,95W
23,13,-1.98,-95.03,-3.3,2.8,91.6,25.28,25.16,95W
24,1,-5.01,-95.07,-6.6,4.9,77.3,27.63,27.64,95W
24,2,-5.03,-95.07,-6.4,3.5,78.1,27.59,27.63,95W
24,3,-5.02,-95.07,-4.1,2.9,78.9,27.40,27.24,95W
24,4,-5.01,-95.07,-1.7,1.8,81.3,26.68,27.25,95W
24,5,-5.02,-95.07,-3.5,1.4,82.1,26.64,27.26,95W
24,6,-5.02,-95.07,-4.6,3.6,83.3,26.53,27.14,95W
24,7,-5.02,-95.07,-6.1,2.8,79.3,27.04,27.18,95W
24,8,-5.01,-95.06,.,.,.,26.76,27.26,95W
25,1,-8.02,-95.11,-7.8,3.5,75.8,27.38,27.71,95W
25,2,-8.01,-95.1,-7.0,3.6,78.1,27.03,27.67,95W
25,3,-8.01,-95.1,-6.1,3.9,83.4,26.01,27.65,95W
25,4,-8.01,-95.1,-3.1,4.7,76.5,26.56,27.67,95W
25,5,-8.01,-95.1,-4.6,2.0,78.1,26.60,27.69,95W
25,6,-8.02,-95.1,-5.9,1.6,82.7,26.64,27.66,95W
25,7,-8.01,-95.1,-7.7,4.6,80.0,26.79,27.55,95W
25,8,-8.01,-95.1,-7.2,4.5,78.1,26.67,27.50,95W
25,9,-8.02,-95.08,-6.1,2.7,73.9,26.71,27.53,95W
25,10,-8.01,-95.1,-5.2,1.7,76.5,26.71,27.59,95W
25,11,-8.01,-95.1,-3.9,2.1,77.3,26.67,27.61,95W
25,12,-8.01,-95.1,-3.2,3.7,79.6,26.52,27.63,95W
25,13,-8.01,-95.1,-3.4,3.9,78.8,26.48,27.59,95W
26,1,8.0,-179.91,.,.,.,27.78,28.33,180W
26,2,7.99,-179.88,.,.,.,28.22,28.36,180W
26,3,8.0,-179.91,.,.,.,28.02,28.37,180W
26,4,8.0,-179.91,.,.,.,27.94,28.39,180W
26,5,8.0,-179.91,.,.,.,27.21,28.39,180W
26,6,8.0,-179.91,.,.,.,27.98,28.38,180W
26,6,8.0,-179.91,.,.,.,27.86,28.41,180W
26,7,8.0,-179.91,.,.,.,28.18,28.46,180W
26,8,8.0,-179.91,.,.,.,28.10,28.40,180W
26,9,7.99,-179.91,.,.,.,27.98,28.43,180W
26,10,8.0,-179.91,.,.,.,27.94,28.42,180W
26,11,8.0,-179.91,.,.,.,27.66,28.42,180W
26,12,7.99,-179.9,.,.,.,27.78,28.46,180W
26,13,8.0,-179.91,.,.,.,28.06,28.48,180W
26,14,8.0,-179.91,.,.,.,28.06,28.48,180W
27,1,2.02,179.8,-6.0,-3.2,85.4,28.09,28.41,180W
27,2,2.03,179.8,-6.5,-0.3,90.4,27.19,28.28,180W
27,3,2.03,179.8,-5.6,-1.9,86.6,28.06,28.44,180W
28,1,0.07,-179.87,-4.4,-2.5,91.9,28.06,28.09,180W
28,2,0.08,-179.87,-4.5,-0.1,91.6,28.06,28.26,180W
28,3,0.08,-179.87,-4.7,-1.7,92.6,28.06,28.56,180W
28,4,0.08,-179.87,-4.8,-2.1,90.6,28.37,28.71,180W
28,5,0.08,-179.87,-4.2,0.5,89.2,28.49,28.92,180W
28,6,0.08,-179.87,-3.7,-3.0,87.5,28.53,29.06,180W
28,7,0.08,-179.87,-1.7,-2.8,89.6,28.14,29.01,180W
28,8,0.08,-179.87,-2.3,-1.7,89.9,28.14,29.06,180W
28,9,0.08,-179.87,-4.4,-1.3,88.2,28.45,29.36,180W
28,10,0.08,-179.87,-4.5,-1.7,87.5,28.45,29.36,180W
28,11,0.08,-179.87,-5.2,-1.4,90.6,27.71,29.23,180W
28,12,0.08,-179.87,-3.6,-2.5,89.6,28.29,28.97,180W
28,13,0.08,-179.87,-4.7,-2.9,89.6,28.33,28.90,180W
28,14,0.07,-179.87,-6.7,-1.7,89.9,28.33,28.49,180W
29,1,-1.99,-179.87,-2.8,-1.0,88.3,27.61,29.09,180W
29,2,-1.99,-179.86,-4.2,-2.5,87.9,28.04,28.99,180W
29,3,-1.99,-179.86,-3.1,-2.9,87.1,28.39,29.32,180W
29,4,-1.98,-179.85,-3.0,0.9,84.6,28.59,29.34,180W
29,5,-1.98,-179.85,-2.6,-2.2,86.2,28.35,29.58,180W
29,6,-1.99,-179.85,-2.8,-2.2,87.9,27.26,29.38,180W
29,7,-1.99,-179.85,-2.9,-1.6,83.7,28.59,29.54,180W
29,8,-1.99,-179.85,-4.2,-1.1,83.7,28.74,29.60,180W
29,9,-1.99,-179.85,-2.2,-2.3,82.9,28.66,29.60,180W
29,10,-1.99,-179.85,-4.7,-1.7,83.3,28.55,29.57,180W
29,11,-1.98,-179.85,-2.8,-2.0,82.1,28.86,29.69,180W
29,12,-1.99,-179.85,-3.2,-4.1,87.1,27.80,29.57,180W
29,13,-1.99,-179.84,-6.6,-2.9,81.6,29.09,29.53,180W
29,14,-1.99,-179.84,-6.6,-2.9,81.6,29.09,29.53,180W
30,1,-5.02,-179.96,.,.,.,.,29.34,180W
30,2,-5.03,-179.96,.,.,.,.,29.26,180W
30,3,-5.03,-179.95,.,.,.,.,29.45,180W
30,4,-5.03,-179.97,.,.,.,.,29.44,180W
30,5,-5.02,-179.96,.,.,.,.,29.35,180W
30,6,-5.02,-179.96,.,.,.,.,29.44,180W
30,7,-5.02,-179.96,.,.,.,.,29.25,180W
30,8,-5.02,-179.96,.,.,.,.,29.26,180W
30,9,-5.02,-179.96,-3.9,0.0,.,.,29.34,180W
30,10,-5.02,-179.96,-2.0,0.8,.,.,29.57,180W
30,11,-5.02,-179.96,-3.2,-0.3,.,.,29.61,180W
30,12,-5.02,-179.96,-1.3,-1.3,.,.,29.58,180W
30,13,-5.03,-179.96,-4.4,-3.2,.,.,29.59,180W
30,14,-5.03,-179.96,-6.6,-3.0,.,.,29.47,180W
31,1,-7.97,-179.86,-1.8,-1.1,.,.,29.53,180W
31,2,-7.97,-179.87,-3.0,1.1,.,.,29.60,180W
31,3,-7.97,-179.87,-6.5,-0.2,.,.,29.40,180W
31,4,-7.97,-179.87,-5.6,2.1,.,.,29.35,180W
31,5,-7.97,-179.86,-4.6,2.1,.,.,29.33,180W
31,6,-7.97,-179.87,-4.3,1.5,.,.,29.30,180W
31,7,-7.97,-179.87,-3.4,1.1,.,.,29.23,180W
31,8,-7.97,-179.86,-3.4,0.1,.,.,29.24,180W
31,9,-7.97,-179.86,-5.5,1.7,.,.,29.19,180W
31,10,-7.97,-179.86,-4.7,0.3,.,.,29.26,180W
31,11,-7.97,-179.87,-5.7,-0.9,.,.,29.18,180W
31,12,-7.98,-179.86,-5.8,-1.5,.,.,29.11,180W
31,13,-7.97,-179.87,-6.0,-1.8,.,.,29.12,180W
31,14,-7.97,-179.87,-6.8,-1.9,.,.,.,180W
32,1,8.01,-170.06,-7.4,-5.0,82.6,27.96,28.22,170W
32,2,8.01,-170.06,-7.5,-5.6,82.0,28.00,28.20,170W
32,3,8.01,-170.06,-7.3,-5.7,84.7,27.93,28.19,170W
32,4,8.01,-170.06,-7.4,-4.8,84.0,27.96,28.25,170W
32,5,8.01,-170.06,-6.1,-5.7,82.3,27.93,28.26,170W
32,6,8.0,-170.06,-6.2,-5.0,84.4,27.85,28.26,170W
32,7,8.01,-170.05,-7.0,-4.7,84.0,27.89,28.24,170W
32,8,8.0,-170.05,-5.9,-4.5,80.6,27.85,28.27,170W
32,9,8.0,-170.05,-5.5,-4.3,79.9,27.73,28.29,170W
32,10,8.0,-170.06,-5.3,-4.6,79.2,27.54,28.29,170W
32,11,8.01,-170.06,-5.1,-2.6,77.2,27.61,28.30,170W
32,12,8.0,-170.06,-3.7,-2.7,84.7,27.69,28.39,170W
32,13,8.0,-170.05,-4.6,-2.1,87.4,28.00,28.41,170W
32,14,8.0,-170.07,-6.7,-1.4,86.4,27.81,28.52,170W
33,1,4.98,-169.96,-7.9,-2.8,.,27.83,28.47,170W
33,2,4.97,-169.98,-7.9,-3.0,.,27.97,28.44,170W
33,3,4.97,-169.97,-8.9,-1.8,.,27.47,28.39,170W
33,4,4.98,-169.97,-7.8,-2.0,.,27.21,28.33,170W
33,5,4.98,-169.98,-7.6,-3.2,.,27.72,28.34,170W
33,6,4.97,-169.98,-7.7,-1.0,.,27.61,28.32,170W
33,7,4.97,-169.97,-8.4,-2.1,.,27.81,28.36,170W
33,8,4.97,-169.98,-6.7,-2.6,.,27.43,28.31,170W
33,9,4.97,-169.97,-6.0,-4.9,.,27.85,28.27,170W
33,10,4.97,-169.96,-6.2,-4.5,.,27.72,28.31,170W
33,11,4.97,-169.98,-5.7,-3.8,.,27.71,28.33,170W
33,12,4.97,-169.98,-4.9,-3.5,.,27.84,28.39,170W
33,13,4.97,-169.98,-4.2,-1.2,.,27.61,28.53,170W
33,14,4.97,-169.98,-6.2,2.2,.,26.86,28.50,170W
34,1,1.97,-170.02,-4.8,-3.5,94.9,27.85,28.36,170W
34,2,1.98,-170.02,-5.7,-3.1,96.9,28.05,28.29,170W
34,3,1.98,-170.01,-6.1,-0.4,95.7,27.97,28.22,170W
34,4,1.98,-170.01,-4.9,-0.6,98.6,27.78,28.20,170W
34,5,1.97,-170.01,-4.7,-0.3,99.0,27.85,28.19,170W
34,6,1.98,-170.01,-4.4,-0.9,97.4,27.89,28.19,170W
34,7,1.98,-170.0,-4.7,-3.1,96.9,28.01,28.04,170W
34,8,1.98,-170.01,-3.5,-1.3,96.5,27.66,28.21,170W
34,9,1.97,-170.0,-3.2,-0.9,99.4,26.99,28.34,170W
34,10,1.97,-170.0,-3.7,-4.4,94.9,27.66,28.38,170W
34,11,1.97,-170.0,-3.8,-3.4,94.9,27.74,28.43,170W
34,12,1.97,-170.0,-3.7,-3.2,94.9,27.97,28.56,170W
34,13,1.98,-170.01,-3.9,-1.8,92.5,28.20,28.58,170W
34,14,1.97,-170.0,-6.3,0.4,89.7,28.24,28.65,170W
35,1,-0.03,-170.02,-4.5,-2.6,90.4,27.72,27.70,170W
35,2,-0.03,-170.03,-4.9,-2.7,89.6,28.15,28.25,170W
35,3,-0.03,-170.02,-5.0,-1.9,88.3,28.23,28.38,170W
35,4,-0.03,-170.03,-5.6,-1.8,87.9,28.15,28.17,170W
35,5,-0.03,-170.02,-4.8,-0.5,88.7,28.07,28.10,170W
35,6,-0.03,-170.02,-4.4,-2.2,88.3,28.15,28.55,170W
35,7,-0.03,-170.02,-4.9,-2.3,86.2,28.34,28.80,170W
35,8,-0.03,-170.02,-3.5,-1.3,85.3,28.38,28.99,170W
35,9,-0.03,-170.02,-3.0,-0.6,82.8,28.58,29.24,170W
35,10,-0.03,-170.02,-3.2,-4.4,84.5,28.23,28.87,170W
35,11,-0.03,-170.02,-3.4,-3.2,85.7,28.19,28.74,170W
35,12,-0.03,-170.02,-3.9,-3.9,84.9,28.23,28.49,170W
35,13,-0.04,-170.03,-4.3,-2.6,85.3,28.11,28.20,170W
35,14,-0.03,-170.03,-6.0,-1.7,85.7,27.99,28.12,170W
36,1,-2.15,-170.02,-4.3,-2.3,87.1,28.97,29.59,170W
36,2,-2.16,-170.02,-4.3,-1.7,94.2,27.97,29.48,170W
36,3,-2.15,-170.02,-4.1,-2.1,91.1,28.65,29.51,170W
36,4,-2.15,-170.02,-4.2,-2.5,90.7,28.81,29.60,170W
36,5,-2.15,-170.02,-3.2,-1.1,89.9,28.69,29.60,170W
36,6,-2.15,-170.01,-4.7,-2.0,90.3,28.57,29.52,170W
36,7,-2.16,-170.01,-3.7,-4.6,87.1,29.13,29.43,170W
36,8,-2.16,-170.01,-0.6,-1.2,90.7,28.13,29.65,170W
36,9,-2.16,-170.01,-0.7,-0.1,87.1,28.49,29.96,170W
36,10,-2.16,-170.01,-2.8,-0.6,86.7,28.65,29.84,170W
36,11,-2.16,-170.01,-3.0,-1.3,89.9,28.37,29.70,170W
36,12,-2.16,-170.01,-4.5,-3.5,94.2,27.61,29.55,170W
36,13,-2.16,-170.01,-4.0,-4.1,86.3,28.49,29.43,170W
36,14,-2.16,-170.01,-7.1,-1.0,82.8,29.21,29.47,170W
37,1,-5.01,-169.99,.,.,83.3,28.56,29.54,170W
37,2,-5.01,-169.99,.,.,80.9,28.84,29.49,170W
37,3,-5.01,-169.99,.,.,79.7,29.11,29.90,170W
37,4,-5.01,-169.99,.,.,82.5,29.07,29.82,170W
37,5,-5.01,-169.98,.,.,83.3,28.95,29.66,170W
37,6,-5.01,-169.99,.,.,84.1,28.56,29.48,170W
37,7,-5.02,-169.98,.,.,85.3,28.49,29.38,170W
37,8,-5.01,-169.99,.,.,82.5,28.87,29.65,170W
37,9,-5.01,-169.99,.,.,81.3,28.29,29.68,170W
37,10,-5.01,-169.99,.,.,80.5,28.72,29.73,170W
37,11,-5.01,-169.99,.,.,80.9,29.15,29.64,170W
37,12,-5.01,-169.99,.,.,82.9,29.15,29.49,170W
37,13,-5.02,-169.99,.,.,81.7,28.95,29.50,170W
37,14,-5.01,-169.99,.,.,77.3,29.34,29.49,170W
38,1,-7.98,-170.03,.,.,.,28.18,29.58,170W
38,2,-7.98,-170.03,.,.,.,28.34,29.51,170W
38,3,-7.98,-170.03,-6.1,1.8,82.5,28.06,29.45,170W
38,4,-7.98,-170.03,.,.,.,28.02,29.33,170W
38,5,-7.98,-170.03,.,.,.,.,.,170W
38,6,-7.98,-170.03,-6.2,0.0,81.7,28.70,29.39,170W
38,7,-8.0,-170.0,.,.,.,.,.,170W
38,8,-8.0,-170.0,-3.1,1.1,82.9,28.30,29.38,170W
38,9,-8.0,-170.0,-3.4,0.5,80.0,.,.,170W
38,10,-8.0,-170.0,-2.7,0.0,79.1,28.46,29.61,170W
38,11,-8.0,-170.0,.,.,.,.,.,170W
38,12,-8.0,-170.0,.,.,.,.,.,170W
38,13,-8.0,-170.0,.,.,.,27.89,29.44,170W
39,1,7.97,-155.01,.,.,.,.,27.88,155W
39,2,7.97,-155.0,.,.,.,.,27.88,155W
39,3,7.97,-155.01,.,.,.,.,27.88,155W
39,4,7.98,-155.0,.,.,.,.,27.90,155W
39,5,7.97,-155.0,.,.,.,.,27.93,155W
39,6,7.98,-155.01,.,.,.,.,27.94,155W
39,7,7.97,-155.0,.,.,.,.,27.94,155W
39,8,7.97,-155.0,.,.,.,.,27.99,155W
39,9,7.97,-155.0,.,.,.,.,28.04,155W
39,10,7.98,-155.0,.,.,.,.,28.03,155W
39,11,7.97,-155.01,.,.,.,.,28.10,155W
39,12,7.97,-155.0,.,.,.,.,28.10,155W
39,13,7.98,-155.01,.,.,.,.,28.08,155W
39,14,7.98,-155.0,.,.,.,.,28.06,155W
40,1,4.98,-154.94,-6.2,-1.8,89.2,26.67,28.20,155W
40,2,4.97,-154.94,-7.0,-2.2,91.8,26.71,28.18,155W
40,3,4.98,-154.93,-6.9,-4.1,90.9,27.39,28.20,155W
40,4,4.98,-154.94,-6.9,-2.9,91.4,27.67,28.22,155W
40,5,4.98,-154.93,-6.8,-1.9,91.4,27.47,28.19,155W
40,6,4.98,-154.93,-5.8,-2.2,92.2,26.95,28.21,155W
40,7,4.98,-154.94,-3.1,-3.0,87.5,27.27,28.14,155W
40,8,4.98,-154.93,-3.3,-1.9,85.0,27.39,28.41,155W
40,9,4.98,-154.93,0.5,0.3,81.6,28.07,29.12,155W
40,10,4.99,-154.93,-1.6,0.5,85.4,27.51,29.30,155W
40,11,4.99,-154.93,-4.5,0.1,85.0,27.87,29.17,155W
40,12,4.97,-154.94,-6.2,-0.5,88.8,27.83,28.73,155W
40,13,4.99,-154.93,-8.1,-0.4,90.9,27.59,28.59,155W
40,14,4.98,-154.94,-5.9,-0.3,86.3,27.39,28.49,155W
41,1,1.99,-154.96,-0.9,0.1,.,.,28.19,155W
41,2,1.98,-154.95,-3.5,-1.8,.,.,28.27,155W
41,3,1.99,-154.97,-4.5,-1.4,.,.,28.11,155W
41,4,1.99,-154.96,-4.8,-0.5,.,.,27.88,155W
41,5,1.99,-154.96,-5.2,1.9,.,.,27.92,155W
41,6,1.99,-154.96,-4.5,1.4,.,.,27.84,155W
41,7,1.98,-154.96,-3.7,-1.6,.,.,27.95,155W
41,8,1.99,-154.96,-2.9,-1.5,.,.,28.11,155W
41,9,1.98,-154.96,-1.4,1.6,.,.,28.54,155W
41,10,1.98,-154.95,-3.5,1.6,.,.,28.37,155W
41,11,1.99,-154.95,-5.4,0.6,.,.,28.11,155W
41,12,1.99,-154.95,-6.2,1.2,.,.,27.90,155W
41,13,1.99,-154.95,-7.3,2.8,.,.,27.77,155W
41,14,1.99,-154.95,-4.2,1.8,.,.,27.66,155W
42,1,0.0,-154.96,0.0,-0.1,.,25.94,27.12,155W
42,2,-0.01,-154.96,-1.8,-1.8,.,26.74,27.48,155W
42,3,0.0,-154.95,-3.6,-2.8,.,26.98,27.60,155W
42,4,0.0,-154.96,-4.3,-1.9,.,26.94,27.58,155W
42,5,0.0,-154.96,-5.3,-0.9,.,27.15,27.69,155W
42,6,0.0,-154.96,-3.8,-1.6,.,27.15,27.76,155W
42,7,-0.01,-154.96,-3.4,-2.8,.,27.02,28.04,155W
42,8,0.0,-154.96,-2.6,-2.7,.,26.98,28.02,155W
42,9,0.0,-154.96,-2.5,0.0,.,26.98,28.07,155W
42,10,0.0,-154.96,-4.1,-1.1,.,26.70,27.98,155W
42,11,-0.01,-154.95,-4.9,-1.8,.,26.46,27.57,155W
42,12,0.0,-154.95,-6.0,-1.4,.,26.02,27.01,155W
42,13,0.0,-154.96,-6.3,-0.4,.,25.82,26.57,155W
42,14,0.0,-154.96,-3.6,-0.6,.,25.70,26.49,155W
43,1,-2.0,-154.98,-1.9,1.6,81.5,27.37,28.97,155W
43,2,-2.0,-154.98,-1.3,-0.7,83.3,28.17,29.07,155W
43,3,-1.99,-154.99,-2.2,-3.8,86.4,27.57,29.09,155W
43,4,-2.0,-154.98,-4.0,-4.8,78.4,28.69,29.42,155W
43,5,-2.0,-154.99,-5.9,-2.5,77.6,29.01,29.53,155W
43,6,-2.0,-155.0,-5.3,0.2,79.8,29.09,29.56,155W
43,7,-2.0,-154.99,-4.5,-1.3,81.1,28.69,29.58,155W
43,8,-2.0,-154.98,-4.8,-3.7,77.6,28.57,29.49,155W
43,9,-2.01,-154.99,-3.5,-2.7,76.7,28.49,29.55,155W
43,10,-2.0,-154.98,-3.7,-2.7,74.5,28.33,29.50,155W
43,11,-2.0,-154.99,-4.7,-3.7,75.8,28.13,29.51,155W
43,12,-2.0,-154.99,-6.3,-3.2,72.3,28.01,29.39,155W
43,13,-2.01,-154.99,-6.9,-1.5,74.5,28.53,29.30,155W
43,14,-2.0,-154.99,-4.1,-2.6,81.1,27.89,29.20,155W
44,1,-5.0,-154.99,3.1,1.2,83.4,28.08,29.44,155W
44,2,-4.99,-154.99,-2.7,0.4,86.4,27.97,29.23,155W
44,3,-4.99,-154.99,-4.4,-0.9,85.1,28.60,29.49,155W
44,4,-5.0,-154.99,-4.5,-2.7,88.5,27.85,29.37,155W
44,5,-5.0,-154.99,-5.4,-2.0,82.6,28.56,29.36,155W
44,6,-5.0,-154.99,-5.2,0.6,82.2,28.76,29.44,155W
44,7,-5.0,-154.99,-5.0,-1.0,85.1,28.24,29.42,155W
44,8,-5.0,-154.99,-5.2,-1.8,81.3,28.64,29.41,155W
44,9,-5.0,-154.99,-3.2,-0.5,77.5,28.40,29.53,155W
44,10,-5.0,-154.99,-3.5,-1.1,80.1,28.32,29.57,155W
44,11,-5.01,-154.99,-5.7,0.9,86.0,27.89,29.50,155W
44,12,-4.99,-154.99,-4.5,-2.7,86.0,27.77,29.38,155W
44,13,-5.0,-154.99,-5.8,-0.9,77.1,28.84,29.39,155W
44,14,-5.0,-154.99,-4.2,1.7,82.2,28.80,29.47,155W
45,1,-8.28,-154.97,2.0,-0.1,81.8,27.89,29.26,155W
45,2,-8.27,-154.97,-1.1,-1.2,82.1,28.24,29.10,155W
45,3,-8.28,-154.97,-2.8,-1.3,80.3,28.99,29.36,155W
45,4,-8.28,-154.97,-4.7,-0.5,81.4,29.07,29.45,155W
45,5,-8.28,-154.97,-5.4,-0.8,82.1,29.03,29.44,155W
45,6,-8.28,-154.97,-5.5,0.0,81.4,29.23,29.43,155W
45,7,-8.28,-154.97,-6.2,-2.2,81.8,29.31,29.41,155W
45,8,-8.28,-154.97,-6.2,-0.9,81.4,29.15,29.40,155W
45,9,-8.28,-154.96,-2.9,-1.9,82.1,28.44,29.39,155W
45,10,-8.28,-154.97,-4.2,-2.1,76.7,29.03,29.46,155W
45,11,-8.28,-154.97,-6.2,0.8,75.6,29.11,29.47,155W
45,12,-8.28,-154.96,-5.7,-1.6,77.8,29.03,29.48,155W
45,13,-8.27,-154.97,-5.4,-1.2,82.8,28.48,29.50,155W
45,14,-8.28,-154.97,-6.9,0.9,81.8,28.56,29.40,155W
46,1,2.41,137.41,-3.0,0.4,84.0,28.86,29.85,137E
46,2,2.42,137.41,-4.5,0.0,82.0,28.86,29.48,137E
46,3,2.41,137.41,-3.9,1.0,82.8,29.18,29.54,137E
46,4,2.41,137.41,-3.8,-0.6,82.4,29.18,29.65,137E
46,5,2.42,137.41,-2.2,-1.4,78.8,29.25,29.98,137E
46,6,2.41,137.41,-1.4,-1.9,78.8,29.14,30.03,137E
46,7,2.41,137.41,-3.2,-1.3,78.1,29.41,30.15,137E
46,8,2.42,137.42,-4.4,-1.6,79.6,29.53,30.03,137E
46,9,2.42,137.41,-3.6,-1.3,82.8,28.74,29.99,137E
46,10,2.42,137.41,-1.5,1.2,79.6,28.70,29.96,137E
46,11,2.42,137.41,-1.8,0.1,77.7,.,.,137E
46,12,2.42,137.41,-2.8,-2.2,86.0,27.78,30.00,137E
46,13,2.42,137.41,-4.3,0.6,80.4,28.90,29.69,137E
46,14,2.42,137.41,0.0,0.4,83.6,28.42,29.88,137E
47,1,4.97,147.0,-5.1,-0.4,80.1,29.04,29.34,147E
47,2,4.97,147.0,-4.2,-2.9,83.4,28.80,29.35,147E
47,3,4.97,146.99,-6.1,-3.2,80.9,29.12,29.29,147E
47,4,4.97,147.0,-4.2,-2.3,82.6,28.80,29.38,147E
47,5,4.97,147.0,-4.7,-0.5,85.1,27.99,29.35,147E
47,6,4.97,147.0,-3.1,-0.8,81.3,28.03,29.19,147E
47,7,4.97,147.0,-4.0,-2.2,83.0,28.52,29.38,147E
47,8,4.97,147.0,-4.8,-1.9,80.5,28.64,29.23,147E
47,9,4.97,147.0,-3.9,-0.7,79.7,28.64,29.33,147E
47,10,4.97,147.01,-4.9,-1.5,81.3,28.39,29.43,147E
47,11,4.97,147.0,-5.1,-4.1,84.3,28.72,29.30,147E
47,12,4.97,147.0,-5.5,-3.6,82.6,29.12,29.35,147E
47,13,4.97,147.01,-5.2,-1.6,83.9,28.64,29.44,147E
47,14,4.97,146.99,.,.,.,28.80,29.40,147E
48,1,-0.01,146.99,-2.3,-0.3,80.5,29.16,29.75,147E
48,2,0.01,146.99,-3.0,-2.6,82.8,29.05,29.55,147E
48,3,0.0,146.99,-6.0,-0.4,87.5,28.48,29.52,147E
48,4,0.0,146.99,-3.2,-1.8,86.7,28.44,29.34,147E
48,5,0.0,146.99,-0.6,3.3,88.2,27.00,29.31,147E
48,6,0.0,147.0,0.5,-0.3,83.6,28.52,29.50,147E
48,7,0.0,147.0,0.1,-1.9,81.7,29.05,29.85,147E
48,8,0.0,146.99,-0.3,-0.5,81.7,28.90,30.03,147E
48,9,0.0,147.0,-2.7,0.0,80.1,29.32,30.34,147E
48,10,0.0,147.0,-2.5,-1.3,81.3,29.20,30.12,147E
48,11,0.0,147.0,-3.0,-3.8,84.0,29.05,29.92,147E
48,12,0.0,147.0,-4.6,-0.5,86.7,28.48,29.57,147E
48,13,0.0,147.01,-3.0,1.2,88.6,27.95,29.46,147E
49,1,8.08,156.01,-6.6,-3.0,84.5,28.53,28.98,156E
49,2,8.08,156.02,-5.5,-4.1,83.7,28.41,28.98,156E
49,3,8.09,156.02,-6.8,-3.4,81.8,28.41,28.92,156E
49,4,8.08,156.02,-5.1,-2.6,88.0,27.81,28.91,156E
49,5,8.08,156.02,-6.8,-3.2,87.3,27.81,28.85,156E
49,6,8.08,156.02,-5.1,-4.2,83.7,28.33,28.80,156E
49,7,8.08,156.02,-5.2,-3.4,82.6,28.09,28.81,156E
49,8,8.07,156.01,-5.2,-2.0,85.3,27.89,28.87,156E
49,9,8.09,156.02,-5.2,-2.0,85.7,28.41,29.00,156E
49,10,8.09,156.02,-4.8,-2.8,87.3,28.41,29.07,156E
49,11,8.07,156.02,-5.3,-3.8,86.9,28.41,29.03,156E
49,12,8.09,156.02,-7.5,-2.5,84.9,28.57,28.95,156E
49,13,8.09,156.01,-5.9,-2.5,87.3,28.29,28.94,156E
49,14,8.08,156.02,-5.5,-0.7,94.3,27.29,28.89,156E
50,1,4.98,156.06,-6.3,-3.5,83.7,28.89,29.04,156E
50,2,4.98,156.07,-5.4,-3.4,79.6,28.97,28.90,156E
50,3,4.98,156.07,-6.2,-2.7,82.5,28.78,28.98,156E
50,4,4.99,156.06,-4.2,-1.3,85.7,28.07,29.05,156E
50,5,4.99,156.06,-4.2,-3.3,86.1,27.99,29.15,156E
50,6,4.99,156.06,-4.0,-4.4,81.2,28.97,29.08,156E
50,7,4.99,156.06,-4.1,-3.5,78.4,28.85,29.04,156E
50,8,4.98,156.06,-4.7,-0.4,78.4,28.85,29.19,156E
50,9,4.99,156.06,-4.6,-2.5,78.8,29.01,29.13,156E
50,10,4.99,156.07,-5.1,-1.8,81.2,28.89,29.23,156E
50,11,4.99,156.07,-5.5,-4.2,80.8,29.17,29.14,156E
50,12,4.99,156.07,-7.2,-1.7,81.2,29.01,29.10,156E
50,13,4.99,156.07,-6.5,-1.8,82.5,28.97,29.08,156E
50,14,4.99,156.08,-3.5,-0.6,85.7,28.23,29.03,156E
51,1,2.08,156.21,-4.5,-3.2,83.0,28.57,29.33,156E
51,2,2.08,156.21,-5.2,-3.5,81.8,28.76,29.04,156E
51,3,2.08,156.2,-5.4,-2.2,84.6,27.93,29.05,156E
51,4,2.08,156.21,-4.3,0.3,83.8,28.05,28.87,156E
51,5,2.08,156.21,-3.0,-2.0,83.0,28.37,29.06,156E
51,6,2.09,156.21,-2.3,-3.1,82.2,28.41,29.13,156E
51,7,2.09,156.22,-3.4,-3.8,80.2,28.60,28.98,156E
51,8,2.08,156.2,-4.1,-1.2,80.6,28.41,29.05,156E
51,9,2.08,156.21,-3.6,0.0,85.4,27.26,29.09,156E
51,10,2.09,156.21,-3.5,-2.5,82.2,28.25,28.94,156E
51,11,2.08,156.2,-5.4,-5.1,83.0,28.64,28.96,156E
51,12,2.08,156.21,-6.3,-2.9,82.6,28.64,28.97,156E
51,13,2.08,156.2,-7.0,-1.4,82.2,28.72,28.96,156E
51,14,2.07,156.2,-4.7,-0.5,80.2,28.64,28.97,156E
52,1,0.06,156.16,-3.0,-2.8,86.7,28.26,29.23,156E
52,2,0.06,156.17,-4.4,-1.9,87.8,27.94,29.34,156E
52,3,0.06,156.16,-3.5,-1.2,86.7,27.98,29.48,156E
52,4,0.06,156.16,-3.5,-0.8,86.3,28.22,29.50,156E
52,5,0.06,156.16,-3.0,-2.2,83.9,28.42,29.52,156E
52,6,0.06,156.17,-0.6,-3.3,83.9,28.26,29.66,156E
52,7,0.06,156.16,-2.4,-2.8,89.4,27.27,29.43,156E
52,8,0.06,156.16,-2.8,1.0,88.6,27.35,29.38,156E
52,9,0.06,156.16,0.2,-0.8,85.1,27.78,29.55,156E
52,10,0.06,156.17,-3.1,-3.3,83.9,28.26,29.47,156E
52,11,0.06,156.16,-5.3,-5.0,87.1,28.45,29.16,156E
52,12,0.06,156.17,-6.1,-1.3,87.1,28.26,28.97,156E
52,13,0.06,156.17,-6.7,-1.4,86.3,28.26,28.83,156E
52,14,0.06,156.16,-3.9,-1.6,85.9,28.18,28.89,156E
53,1,-1.98,155.94,-2.3,-2.6,78.3,28.68,29.75,156E
53,2,-1.99,155.94,-3.0,-0.2,78.3,28.40,29.95,156E
53,3,-1.99,155.94,-3.6,0.1,76.7,28.96,30.10,156E
53,4,-1.99,155.93,-3.6,-0.1,76.3,29.08,30.15,156E
53,5,-1.99,155.94,-2.2,-2.0,78.8,28.84,29.98,156E
53,6,-1.99,155.94,-0.4,-2.7,77.1,28.76,30.05,156E
53,7,-1.99,155.94,0.9,-1.7,82.9,27.65,29.94,156E
53,8,-1.99,155.94,1.8,2.1,82.9,27.65,29.70,156E
53,9,-1.99,155.94,-1.1,-1.2,81.3,28.16,29.67,156E
53,10,-1.99,155.94,-1.3,-1.8,88.3,30.04,29.60,156E
53,11,-1.99,155.94,-4.8,-4.7,.,.,29.59,156E
53,12,-1.99,155.94,-5.0,-1.4,.,.,29.58,156E
53,13,-1.99,155.94,-6.2,1.1,.,.,29.54,156E
53,14,-2.0,155.94,-1.6,0.0,.,.,29.30,156E
54,1,7.98,165.06,-5.8,-3.4,84.5,28.35,28.72,165E
54,2,7.98,165.07,-5.8,-4.3,83.7,28.44,28.71,165E
54,3,7.99,165.06,-7.0,-2.4,87.7,28.18,28.70,165E
54,4,7.98,165.07,-7.2,-3.9,87.7,28.42,28.74,165E
54,5,7.99,165.06,-5.8,-4.5,81.4,28.50,28.70,165E
54,6,7.99,165.06,-4.4,-4.2,79.8,28.33,28.76,165E
54,7,7.98,165.07,-4.9,-2.5,84.5,28.32,28.75,165E
54,8,7.99,165.07,-4.1,1.2,92.4,27.67,28.77,165E
54,9,7.98,165.06,-1.5,0.1,92.4,26.97,28.77,165E
54,10,7.98,165.07,-6.1,-4.1,85.3,28.46,28.77,165E
54,11,7.98,165.06,-5.8,-3.8,81.4,28.45,28.77,165E
54,12,7.98,165.06,-6.8,-2.4,88.9,28.17,28.77,165E
54,13,7.98,165.08,-6.7,-4.2,90.0,28.28,28.77,165E
54,14,7.98,165.06,-6.2,-4.9,88.9,28.40,28.77,165E
55,1,5.03,165.02,-6.2,-3.5,84.0,28.50,28.68,165E
55,2,5.02,165.03,-6.1,-3.9,84.4,28.44,28.65,165E
55,3,5.02,165.03,-6.2,-0.2,89.3,27.65,28.63,165E
55,4,5.02,165.02,-6.6,-1.8,88.5,28.12,28.77,165E
55,5,5.02,165.02,-5.6,-4.4,86.5,28.13,28.62,165E
55,6,5.02,165.02,-3.9,-5.3,81.2,28.34,28.66,165E
55,7,5.03,165.02,-4.0,-2.9,84.4,28.24,28.68,165E
55,8,5.03,165.03,-2.0,3.3,88.5,27.98,28.82,165E
55,9,5.03,165.02,-3.2,-1.0,84.8,27.97,28.96,165E
55,10,5.03,165.02,-7.2,-3.1,85.3,28.43,28.82,165E
55,11,5.03,165.02,-5.9,-3.8,82.8,28.44,28.79,165E
55,12,5.03,165.02,-6.8,-0.2,84.8,28.55,28.85,165E
55,13,5.02,165.03,-6.6,-0.6,88.5,28.18,28.88,165E
55,14,5.03,165.02,-6.4,-1.6,87.7,28.53,28.87,165E
56,1,0.01,165.01,-1.7,-1.9,.,.,.,165E
56,2,0.0,165.02,-3.5,0.3,.,.,.,165E
56,3,0.0,165.01,-3.8,-0.2,.,.,.,165E
56,4,0.0,165.01,-4.3,-1.5,.,.,.,165E
56,5,0.0,165.01,-2.9,-1.9,.,.,.,165E
56,6,0.0,165.01,-1.1,-2.2,.,.,.,165E
56,7,0.0,165.02,-0.8,-0.9,.,.,.,165E
56,8,0.0,165.02,-2.9,1.5,.,.,.,165E
56,9,0.0,165.01,-3.0,-2.9,.,.,.,165E
56,10,0.0,165.02,-3.9,-5.0,.,.,.,165E
56,11,0.0,165.01,-4.1,-2.1,.,.,.,165E
56,12,0.0,165.01,-4.9,0.0,.,.,.,165E
56,13,0.0,165.01,-4.9,-1.6,.,.,.,165E
56,14,0.0,165.01,-4.0,-1.7,.,.,.,165E
57,1,-1.92,164.41,-1.6,-3.4,81.3,28.44,.,165E
57,2,-1.92,164.41,-2.0,-0.9,79.2,28.52,.,165E
57,3,-1.92,164.42,-3.3,-0.3,78.0,28.67,.,165E
57,4,-1.92,164.42,-3.6,-2.3,82.5,28.48,.,165E
57,5,-1.93,164.41,-2.3,-2.9,79.6,28.55,.,165E
57,6,-1.92,164.42,-0.2,-2.7,80.1,28.49,.,165E
57,7,-1.92,164.42,-3.3,1.1,80.9,28.26,.,165E
57,8,-1.92,164.42,-3.0,1.7,80.9,28.45,.,165E
57,9,-1.93,164.42,-4.4,-2.3,83.3,28.18,.,165E
58,1,-5.0,165.2,0.3,-4.4,88.1,26.82,29.35,165E
58,2,-5.0,165.21,-0.4,-1.2,85.0,27.50,29.53,165E
58,3,-4.99,165.21,-1.3,-0.7,75.9,28.72,29.70,165E
58,4,-5.0,165.21,-2.4,-0.2,79.8,28.67,29.84,165E
58,5,-4.99,165.21,-0.3,-2.0,80.7,28.28,29.68,165E
58,6,-5.0,165.21,3.4,1.7,84.1,27.49,29.56,165E
58,7,-4.99,165.21,-3.4,-0.2,85.5,26.61,29.46,165E
58,8,-4.99,165.2,-3.9,1.1,79.8,28.13,29.42,165E
58,9,-4.99,165.21,-6.3,-0.1,85.9,27.34,29.33,165E
58,10,-4.99,165.21,-2.4,-3.1,82.4,27.60,29.39,165E
58,11,-5.0,165.2,-3.7,0.0,84.1,27.21,29.34,165E
58,12,-5.0,165.2,-4.2,1.6,81.5,28.09,29.38,165E
58,13,-5.0,165.2,-5.1,1.1,83.3,28.16,29.46,165E
58,14,-5.0,165.2,-3.9,-1.0,85.9,27.89,29.42,165E
59,1,-8.03,164.82,.,.,93.3,27.64,28.69,165E
59,2,-8.03,164.81,.,.,91.8,28.48,28.94,165E
59,3,-8.03,164.82,.,.,91.2,28.61,29.07,165E
59,4,-8.03,164.82,.,.,93.6,28.47,28.90,165E
59,5,-8.03,164.82,.,.,88.8,28.47,29.22,165E
59,6,-8.03,164.82,.,.,90.6,27.97,29.11,165E
59,7,-8.03,164.82,.,.,89.5,27.51,28.78,165E
59,8,-8.04,164.82,.,.,85.9,27.65,28.65,165E
59,9,-8.03,164.82,.,.,89.5,28.37,28.66,165E
59,10,-8.04,164.82,.,.,93.6,26.89,28.52,165E
59,11,-8.04,164.82,.,.,92.3,27.62,28.44,165E
59,12,-8.03,164.81,.,.,93.2,28.33,28.43,165E
59,13,-8.04,164.82,.,.,95.5,28.44,28.51,165E
59,14,-8.04,164.81,.,.,93.4,28.67,28.61,165E
